"Max Temperature, Min Temperature, Average Temperature, Error, Precipitation, Snowfall, Error, Heating Degree Days, Cooling Degree Days, Error Daily Lister (2022-01-01 - 2023-04-01), Stn: 12921"

Station:,SAN ANTONIO INTL AP,State:,TX,ID:,12921
Latitude:,29.54429 degreeN,Longitude:,98.48395 degreeW,Elevation:,799.0 feet
Station period of record:,maxt: 07/01/1942-04/12/2023; mint: 07/01/1942-04/12/2023; avgt: 07/01/1942-04/12/2023; obst: null; pcpn: 07/01/1942-04/12/2023; snow: 01/01/1944-04/12/2023; snwd: 09/01/1946-04/12/2023; hdd: 07/01/1942-04/12/2023; cdd: 07/01/1942-04/12/2023; evap: null

Date,maxt,mint,avgt,obst,pcpn,snow,snwd,hdd,cdd,evap
2022-01-01,79,47,63.0,M,0.00,0.0,0,2,0,M
2022-01-02,50,27,38.5,M,0.00,0.0,0,26,0,M
2022-01-03,56,26,41.0,M,0.00,0.0,0,24,0,M
2022-01-04,67,35,51.0,M,0.00,0.0,0,14,0,M
2022-01-05,77,38,57.5,M,0.00,0.0,0,7,0,M
2022-01-06,68,36,52.0,M,0.00,0.0,0,13,0,M
2022-01-07,44,32,38.0,M,T,0.0,0,27,0,M
2022-01-08,60,43,51.5,M,0.16,0.0,0,13,0,M
2022-01-09,69,48,58.5,M,0.00,0.0,0,6,0,M
2022-01-10,60,43,51.5,M,0.00,0.0,0,13,0,M
2022-01-11,49,37,43.0,M,0.01,0.0,0,22,0,M
2022-01-12,63,40,51.5,M,0.00,0.0,0,13,0,M
2022-01-13,77,36,56.5,M,0.00,0.0,0,8,0,M
2022-01-14,77,37,57.0,M,0.00,0.0,0,8,0,M
2022-01-15,64,41,52.5,M,T,0.0,0,12,0,M
2022-01-16,65,31,48.0,M,0.00,0.0,0,17,0,M
2022-01-17,70,32,51.0,M,0.00,0.0,0,14,0,M
2022-01-18,75,41,58.0,M,T,0.0,0,7,0,M
2022-01-19,77,46,61.5,M,T,0.0,0,3,0,M
2022-01-20,46,32,39.0,M,T,0.0,0,26,0,M
2022-01-21,53,32,42.5,M,0.00,0.0,0,22,0,M
2022-01-22,56,32,44.0,M,0.00,0.0,0,21,0,M
2022-01-23,56,47,51.5,M,0.00,0.0,0,13,0,M
2022-01-24,53,43,48.0,M,0.02,0.0,0,17,0,M
2022-01-25,59,45,52.0,M,0.00,0.0,0,13,0,M
2022-01-26,55,47,51.0,M,T,0.0,0,14,0,M
2022-01-27,62,37,49.5,M,T,0.0,0,15,0,M
2022-01-28,61,36,48.5,M,0.01,0.0,0,16,0,M
2022-01-29,66,29,47.5,M,0.00,0.0,0,17,0,M
2022-01-30,69,33,51.0,M,0.00,0.0,0,14,0,M
2022-01-31,60,55,57.5,M,0.12,0.0,0,7,0,M
2022-02-01,72,54,63.0,M,T,0.0,0,2,0,M
2022-02-02,64,38,51.0,M,0.16,0.0,0,14,0,M
2022-02-03,38,24,31.0,M,1.53,0.0,0,34,0,M
2022-02-04,43,21,32.0,M,0.00,0.0,0,33,0,M
2022-02-05,51,22,36.5,M,0.00,0.0,0,28,0,M
2022-02-06,61,26,43.5,M,0.00,0.0,0,21,0,M
2022-02-07,64,38,51.0,M,0.00,0.0,0,14,0,M
2022-02-08,66,31,48.5,M,0.00,0.0,0,16,0,M
2022-02-09,72,34,53.0,M,0.00,0.0,0,12,0,M
2022-02-10,72,39,55.5,M,0.00,0.0,0,9,0,M
2022-02-11,76,40,58.0,M,0.00,0.0,0,7,0,M
2022-02-12,57,34,45.5,M,0.00,0.0,0,19,0,M
2022-02-13,65,28,46.5,M,0.00,0.0,0,18,0,M
2022-02-14,69,32,50.5,M,0.00,0.0,0,14,0,M
2022-02-15,75,41,58.0,M,0.00,0.0,0,7,0,M
2022-02-16,80,58,69.0,M,T,0.0,0,0,4,M
2022-02-17,76,38,57.0,M,0.00,0.0,0,8,0,M
2022-02-18,63,34,48.5,M,0.00,0.0,0,16,0,M
2022-02-19,66,34,50.0,M,0.00,0.0,0,15,0,M
2022-02-20,74,41,57.5,M,0.00,0.0,0,7,0,M
2022-02-21,85,62,73.5,M,0.02,0.0,0,0,9,M
2022-02-22,85,57,71.0,M,0.00,0.0,0,0,6,M
2022-02-23,57,30,43.5,M,0.01,0.0,0,21,0,M
2022-02-24,41,30,35.5,M,T,0.0,0,29,0,M
2022-02-25,40,32,36.0,M,T,0.0,0,29,0,M
2022-02-26,42,35,38.5,M,0.02,0.0,0,26,0,M
2022-02-27,62,38,50.0,M,T,0.0,0,15,0,M
2022-02-28,68,31,49.5,M,0.00,0.0,0,15,0,M
2022-03-01,72,33,52.5,M,0.00,0.0,0,12,0,M
2022-03-02,74,40,57.0,M,0.00,0.0,0,8,0,M
2022-03-03,79,49,64.0,M,0.00,0.0,0,1,0,M
2022-03-04,81,62,71.5,M,0.00,0.0,0,0,7,M
2022-03-05,81,65,73.0,M,0.00,0.0,0,0,8,M
2022-03-06,83,68,75.5,M,0.00,0.0,0,0,11,M
2022-03-07,71,47,59.0,M,T,0.0,0,6,0,M
2022-03-08,60,43,51.5,M,T,0.0,0,13,0,M
2022-03-09,64,39,51.5,M,0.00,0.0,0,13,0,M
2022-03-10,74,36,55.0,M,0.00,0.0,0,10,0,M
2022-03-11,63,38,50.5,M,0.02,0.0,0,14,0,M
2022-03-12,56,26,41.0,M,0.00,0.0,0,24,0,M
2022-03-13,68,28,48.0,M,0.00,0.0,0,17,0,M
2022-03-14,82,46,64.0,M,0.00,0.0,0,1,0,M
2022-03-15,80,48,64.0,M,0.00,0.0,0,1,0,M
2022-03-16,83,44,63.5,M,0.00,0.0,0,1,0,M
2022-03-17,79,53,66.0,M,T,0.0,0,0,1,M
2022-03-18,75,50,62.5,M,0.00,0.0,0,2,0,M
2022-03-19,79,42,60.5,M,0.00,0.0,0,4,0,M
2022-03-20,79,43,61.0,M,0.00,0.0,0,4,0,M
2022-03-21,89,60,74.5,M,0.23,0.0,0,0,10,M
2022-03-22,69,47,58.0,M,T,0.0,0,7,0,M
2022-03-23,72,41,56.5,M,0.00,0.0,0,8,0,M
2022-03-24,80,42,61.0,M,0.00,0.0,0,4,0,M
2022-03-25,87,41,64.0,M,0.00,0.0,0,1,0,M
2022-03-26,91,46,68.5,M,0.00,0.0,0,0,4,M
2022-03-27,87,49,68.0,M,0.00,0.0,0,0,3,M
2022-03-28,87,45,66.0,M,0.00,0.0,0,0,1,M
2022-03-29,84,66,75.0,M,0.00,0.0,0,0,10,M
2022-03-30,85,59,72.0,M,0.07,0.0,0,0,7,M
2022-03-31,80,47,63.5,M,0.00,0.0,0,1,0,M
2022-04-01,84,51,67.5,M,0.00,0.0,0,0,3,M
2022-04-02,92,63,77.5,M,0.00,0.0,0,0,13,M
2022-04-03,86,59,72.5,M,0.00,0.0,0,0,8,M
2022-04-04,83,66,74.5,M,0.00,0.0,0,0,10,M
2022-04-05,95,68,81.5,M,0.00,0.0,0,0,17,M
2022-04-06,82,61,71.5,M,0.00,0.0,0,0,7,M
2022-04-07,79,49,64.0,M,0.00,0.0,0,1,0,M
2022-04-08,81,44,62.5,M,0.00,0.0,0,2,0,M
2022-04-09,88,47,67.5,M,0.00,0.0,0,0,3,M
2022-04-10,92,62,77.0,M,0.19,0.0,0,0,12,M
2022-04-11,81,69,75.0,M,0.00,0.0,0,0,10,M
2022-04-12,94,71,82.5,M,0.01,0.0,0,0,18,M
2022-04-13,98,69,83.5,M,T,0.0,0,0,19,M
2022-04-14,86,59,72.5,M,0.00,0.0,0,0,8,M
2022-04-15,84,61,72.5,M,T,0.0,0,0,8,M
2022-04-16,90,70,80.0,M,T,0.0,0,0,15,M
2022-04-17,86,71,78.5,M,T,0.0,0,0,14,M
2022-04-18,86,65,75.5,M,0.00,0.0,0,0,11,M
2022-04-19,69,57,63.0,M,0.07,0.0,0,2,0,M
2022-04-20,84,69,76.5,M,T,0.0,0,0,12,M
2022-04-21,81,71,76.0,M,0.02,0.0,0,0,11,M
2022-04-22,89,71,80.0,M,0.00,0.0,0,0,15,M
2022-04-23,89,70,79.5,M,T,0.0,0,0,15,M
2022-04-24,89,69,79.0,M,T,0.0,0,0,14,M
2022-04-25,76,62,69.0,M,0.70,0.0,0,0,4,M
2022-04-26,74,56,65.0,M,0.22,0.0,0,0,0,M
2022-04-27,80,61,70.5,M,0.00,0.0,0,0,6,M
2022-04-28,87,69,78.0,M,T,0.0,0,0,13,M
2022-04-29,87,70,78.5,M,0.01,0.0,0,0,14,M
2022-04-30,86,71,78.5,M,0.02,0.0,0,0,14,M
2022-05-01,91,72,81.5,M,T,0.0,0,0,17,M
2022-05-02,81,71,76.0,M,0.13,0.0,0,0,11,M
2022-05-03,89,74,81.5,M,0.00,0.0,0,0,17,M
2022-05-04,88,68,78.0,M,0.23,0.0,0,0,13,M
2022-05-05,87,70,78.5,M,T,0.0,0,0,14,M
2022-05-06,96,65,80.5,M,0.00,0.0,0,0,16,M
2022-05-07,101,73,87.0,M,0.00,0.0,0,0,22,M
2022-05-08,101,75,88.0,M,0.00,0.0,0,0,23,M
2022-05-09,97,76,86.5,M,0.00,0.0,0,0,22,M
2022-05-10,96,76,86.0,M,0.00,0.0,0,0,21,M
2022-05-11,96,73,84.5,M,0.00,0.0,0,0,20,M
2022-05-12,96,71,83.5,M,0.00,0.0,0,0,19,M
2022-05-13,93,71,82.0,M,0.00,0.0,0,0,17,M
2022-05-14,97,71,84.0,M,0.00,0.0,0,0,19,M
2022-05-15,98,71,84.5,M,0.00,0.0,0,0,20,M
2022-05-16,97,72,84.5,M,0.00,0.0,0,0,20,M
2022-05-17,100,71,85.5,M,0.00,0.0,0,0,21,M
2022-05-18,101,72,86.5,M,0.00,0.0,0,0,22,M
2022-05-19,98,72,85.0,M,0.00,0.0,0,0,20,M
2022-05-20,96,77,86.5,M,T,0.0,0,0,22,M
2022-05-21,101,72,86.5,M,T,0.0,0,0,22,M
2022-05-22,86,65,75.5,M,0.00,0.0,0,0,11,M
2022-05-23,87,69,78.0,M,0.01,0.0,0,0,13,M
2022-05-24,90,63,76.5,M,0.42,0.0,0,0,12,M
2022-05-25,87,63,75.0,M,0.07,0.0,0,0,10,M
2022-05-26,96,59,77.5,M,0.00,0.0,0,0,13,M
2022-05-27,99,72,85.5,M,0.00,0.0,0,0,21,M
2022-05-28,99,73,86.0,M,0.00,0.0,0,0,21,M
2022-05-29,99,74,86.5,M,0.00,0.0,0,0,22,M
2022-05-30,96,77,86.5,M,0.00,0.0,0,0,22,M
2022-05-31,99,77,88.0,M,0.00,0.0,0,0,23,M
2022-06-01,99,77,88.0,M,T,0.0,0,0,23,M
2022-06-02,95,75,85.0,M,0.00,0.0,0,0,20,M
2022-06-03,95,76,85.5,M,0.00,0.0,0,0,21,M
2022-06-04,97,71,84.0,M,0.10,0.0,0,0,19,M
2022-06-05,102,74,88.0,M,0.00,0.0,0,0,23,M
2022-06-06,104,76,90.0,M,0.00,0.0,0,0,25,M
2022-06-07,104,77,90.5,M,0.00,0.0,0,0,26,M
2022-06-08,101,77,89.0,M,0.00,0.0,0,0,24,M
2022-06-09,99,76,87.5,M,0.00,0.0,0,0,23,M
2022-06-10,101,77,89.0,M,0.00,0.0,0,0,24,M
2022-06-11,104,78,91.0,M,0.00,0.0,0,0,26,M
2022-06-12,105,76,90.5,M,0.00,0.0,0,0,26,M
2022-06-13,101,78,89.5,M,0.00,0.0,0,0,25,M
2022-06-14,100,78,89.0,M,0.00,0.0,0,0,24,M
2022-06-15,95,80,87.5,M,0.00,0.0,0,0,23,M
2022-06-16,102,76,89.0,M,0.00,0.0,0,0,24,M
2022-06-17,98,75,86.5,M,0.00,0.0,0,0,22,M
2022-06-18,98,74,86.0,M,0.00,0.0,0,0,21,M
2022-06-19,100,76,88.0,M,0.00,0.0,0,0,23,M
2022-06-20,100,75,87.5,M,0.00,0.0,0,0,23,M
2022-06-21,100,77,88.5,M,0.00,0.0,0,0,24,M
2022-06-22,98,77,87.5,M,0.00,0.0,0,0,23,M
2022-06-23,101,78,89.5,M,0.00,0.0,0,0,25,M
2022-06-24,101,76,88.5,M,0.00,0.0,0,0,24,M
2022-06-25,100,76,88.0,M,0.00,0.0,0,0,23,M
2022-06-26,99,78,88.5,M,0.00,0.0,0,0,24,M
2022-06-27,101,75,88.0,M,T,0.0,0,0,23,M
2022-06-28,91,71,81.0,M,0.53,0.0,0,0,16,M
2022-06-29,97,69,83.0,M,0.00,0.0,0,0,18,M
2022-06-30,98,74,86.0,M,0.00,0.0,0,0,21,M
2022-07-01,100,76,88.0,M,0.00,0.0,0,0,23,M
2022-07-02,101,78,89.5,M,0.00,0.0,0,0,25,M
2022-07-03,100,80,90.0,M,0.00,0.0,0,0,25,M
2022-07-04,101,77,89.0,M,0.00,0.0,0,0,24,M
2022-07-05,100,78,89.0,M,0.00,0.0,0,0,24,M
2022-07-06,101,78,89.5,M,0.00,0.0,0,0,25,M
2022-07-07,100,78,89.0,M,0.00,0.0,0,0,24,M
2022-07-08,101,78,89.5,M,0.00,0.0,0,0,25,M
2022-07-09,104,78,91.0,M,0.00,0.0,0,0,26,M
2022-07-10,106,80,93.0,M,0.00,0.0,0,0,28,M
2022-07-11,107,82,94.5,M,0.00,0.0,0,0,30,M
2022-07-12,105,80,92.5,M,0.00,0.0,0,0,28,M
2022-07-13,104,81,92.5,M,0.00,0.0,0,0,28,M
2022-07-14,102,78,90.0,M,0.00,0.0,0,0,25,M
2022-07-15,97,74,85.5,M,0.01,0.0,0,0,21,M
2022-07-16,100,76,88.0,M,0.00,0.0,0,0,23,M
2022-07-17,102,76,89.0,M,0.00,0.0,0,0,24,M
2022-07-18,101,77,89.0,M,0.00,0.0,0,0,24,M
2022-07-19,103,78,90.5,M,0.00,0.0,0,0,26,M
2022-07-20,104,78,91.0,M,0.00,0.0,0,0,26,M
2022-07-21,102,80,91.0,M,0.00,0.0,0,0,26,M
2022-07-22,102,79,90.5,M,0.00,0.0,0,0,26,M
2022-07-23,101,78,89.5,M,0.00,0.0,0,0,25,M
2022-07-24,101,79,90.0,M,0.00,0.0,0,0,25,M
2022-07-25,101,78,89.5,M,0.00,0.0,0,0,25,M
2022-07-26,101,75,88.0,M,0.00,0.0,0,0,23,M
2022-07-27,99,78,88.5,M,0.00,0.0,0,0,24,M
2022-07-28,100,77,88.5,M,0.00,0.0,0,0,24,M
2022-07-29,101,79,90.0,M,0.00,0.0,0,0,25,M
2022-07-30,101,75,88.0,M,0.00,0.0,0,0,23,M
2022-07-31,101,79,90.0,M,0.00,0.0,0,0,25,M
2022-08-01,100,76,88.0,M,0.00,0.0,0,0,23,M
2022-08-02,102,78,90.0,M,0.00,0.0,0,0,25,M
2022-08-03,103,79,91.0,M,0.00,0.0,0,0,26,M
2022-08-04,103,79,91.0,M,0.00,0.0,0,0,26,M
2022-08-05,100,78,89.0,M,0.00,0.0,0,0,24,M
2022-08-06,97,78,87.5,M,0.05,0.0,0,0,23,M
2022-08-07,99,78,88.5,M,0.00,0.0,0,0,24,M
2022-08-08,98,78,88.0,M,T,0.0,0,0,23,M
2022-08-09,98,77,87.5,M,0.00,0.0,0,0,23,M
2022-08-10,101,78,89.5,M,T,0.0,0,0,25,M
2022-08-11,99,78,88.5,M,0.03,0.0,0,0,24,M
2022-08-12,99,75,87.0,M,0.02,0.0,0,0,22,M
2022-08-13,102,77,89.5,M,0.00,0.0,0,0,25,M
2022-08-14,88,76,82.0,M,0.04,0.0,0,0,17,M
2022-08-15,88,74,81.0,M,0.18,0.0,0,0,16,M
2022-08-16,97,75,86.0,M,0.00,0.0,0,0,21,M
2022-08-17,97,77,87.0,M,0.00,0.0,0,0,22,M
2022-08-18,99,78,88.5,M,0.00,0.0,0,0,24,M
2022-08-19,97,78,87.5,M,0.00,0.0,0,0,23,M
2022-08-20,99,79,89.0,M,0.00,0.0,0,0,24,M
2022-08-21,94,78,86.0,M,T,0.0,0,0,21,M
2022-08-22,96,75,85.5,M,0.25,0.0,0,0,21,M
2022-08-23,91,75,83.0,M,0.02,0.0,0,0,18,M
2022-08-24,90,74,82.0,M,1.50,0.0,0,0,17,M
2022-08-25,93,77,85.0,M,0.00,0.0,0,0,20,M
2022-08-26,94,76,85.0,M,T,0.0,0,0,20,M
2022-08-27,95,76,85.5,M,0.00,0.0,0,0,21,M
2022-08-28,96,78,87.0,M,0.00,0.0,0,0,22,M
2022-08-29,97,77,87.0,M,0.01,0.0,0,0,22,M
2022-08-30,90,78,84.0,M,T,0.0,0,0,19,M
2022-08-31,93,76,84.5,M,0.00,0.0,0,0,20,M
2022-09-01,93,76,84.5,M,0.00,0.0,0,0,20,M
2022-09-02,94,76,85.0,M,0.00,0.0,0,0,20,M
2022-09-03,93,73,83.0,M,0.92,0.0,0,0,18,M
2022-09-04,86,73,79.5,M,0.00,0.0,0,0,15,M
2022-09-05,91,72,81.5,M,0.00,0.0,0,0,17,M
2022-09-06,93,73,83.0,M,0.00,0.0,0,0,18,M
2022-09-07,96,75,85.5,M,0.06,0.0,0,0,21,M
2022-09-08,94,73,83.5,M,0.00,0.0,0,0,19,M
2022-09-09,93,74,83.5,M,T,0.0,0,0,19,M
2022-09-10,93,75,84.0,M,0.00,0.0,0,0,19,M
2022-09-11,95,73,84.0,M,0.00,0.0,0,0,19,M
2022-09-12,93,69,81.0,M,0.00,0.0,0,0,16,M
2022-09-13,93,75,84.0,M,0.00,0.0,0,0,19,M
2022-09-14,92,71,81.5,M,0.00,0.0,0,0,17,M
2022-09-15,92,67,79.5,M,0.00,0.0,0,0,15,M
2022-09-16,93,75,84.0,M,0.00,0.0,0,0,19,M
2022-09-17,95,76,85.5,M,0.00,0.0,0,0,21,M
2022-09-18,95,76,85.5,M,0.00,0.0,0,0,21,M
2022-09-19,96,75,85.5,M,0.00,0.0,0,0,21,M
2022-09-20,96,77,86.5,M,0.00,0.0,0,0,22,M
2022-09-21,95,73,84.0,M,0.00,0.0,0,0,19,M
2022-09-22,97,69,83.0,M,0.00,0.0,0,0,18,M
2022-09-23,96,70,83.0,M,0.00,0.0,0,0,18,M
2022-09-24,93,70,81.5,M,0.00,0.0,0,0,17,M
2022-09-25,95,75,85.0,M,0.00,0.0,0,0,20,M
2022-09-26,95,73,84.0,M,0.00,0.0,0,0,19,M
2022-09-27,90,61,75.5,M,0.00,0.0,0,0,11,M
2022-09-28,89,60,74.5,M,0.00,0.0,0,0,10,M
2022-09-29,92,60,76.0,M,0.00,0.0,0,0,11,M
2022-09-30,91,64,77.5,M,0.00,0.0,0,0,13,M
2022-10-01,88,59,73.5,M,0.00,0.0,0,0,9,M
2022-10-02,84,58,71.0,M,0.00,0.0,0,0,6,M
2022-10-03,87,62,74.5,M,0.00,0.0,0,0,10,M
2022-10-04,86,66,76.0,M,0.00,0.0,0,0,11,M
2022-10-05,88,60,74.0,M,0.00,0.0,0,0,9,M
2022-10-06,90,62,76.0,M,0.00,0.0,0,0,11,M
2022-10-07,85,66,75.5,M,0.00,0.0,0,0,11,M
2022-10-08,89,64,76.5,M,0.00,0.0,0,0,12,M
2022-10-09,87,65,76.0,M,0.00,0.0,0,0,11,M
2022-10-10,88,64,76.0,M,0.00,0.0,0,0,11,M
2022-10-11,87,65,76.0,M,0.00,0.0,0,0,11,M
2022-10-12,94,73,83.5,M,0.00,0.0,0,0,19,M
2022-10-13,93,68,80.5,M,0.00,0.0,0,0,16,M
2022-10-14,90,70,80.0,M,0.00,0.0,0,0,15,M
2022-10-15,92,74,83.0,M,T,0.0,0,0,18,M
2022-10-16,91,73,82.0,M,0.00,0.0,0,0,17,M
2022-10-17,73,61,67.0,M,0.64,0.0,0,0,2,M
2022-10-18,72,52,62.0,M,0.00,0.0,0,3,0,M
2022-10-19,74,46,60.0,M,0.00,0.0,0,5,0,M
2022-10-20,81,50,65.5,M,0.00,0.0,0,0,1,M
2022-10-21,84,56,70.0,M,0.00,0.0,0,0,5,M
2022-10-22,86,64,75.0,M,0.00,0.0,0,0,10,M
2022-10-23,87,68,77.5,M,0.00,0.0,0,0,13,M
2022-10-24,89,65,77.0,M,0.03,0.0,0,0,12,M
2022-10-25,80,54,67.0,M,0.00,0.0,0,0,2,M
2022-10-26,78,47,62.5,M,0.00,0.0,0,2,0,M
2022-10-27,80,52,66.0,M,0.06,0.0,0,0,1,M
2022-10-28,72,57,64.5,M,0.30,0.0,0,0,0,M
2022-10-29,74,52,63.0,M,0.00,0.0,0,2,0,M
2022-10-30,80,50,65.0,M,0.00,0.0,0,0,0,M
2022-10-31,80,53,66.5,M,0.02,0.0,0,0,2,M
2022-11-01,73,60,66.5,M,T,0.0,0,0,2,M
2022-11-02,76,58,67.0,M,0.00,0.0,0,0,2,M
2022-11-03,84,69,76.5,M,T,0.0,0,0,12,M
2022-11-04,88,68,78.0,M,0.01,0.0,0,0,13,M
2022-11-05,78,53,65.5,M,0.00,0.0,0,0,1,M
2022-11-06,85,53,69.0,M,0.00,0.0,0,0,4,M
2022-11-07,87,73,80.0,M,0.05,0.0,0,0,15,M
2022-11-08,82,66,74.0,M,0.00,0.0,0,0,9,M
2022-11-09,83,70,76.5,M,0.01,0.0,0,0,12,M
2022-11-10,83,69,76.0,M,0.00,0.0,0,0,11,M
2022-11-11,82,46,64.0,M,0.02,0.0,0,1,0,M
2022-11-12,61,41,51.0,M,0.00,0.0,0,14,0,M
2022-11-13,60,38,49.0,M,0.00,0.0,0,16,0,M
2022-11-14,66,48,57.0,M,0.17,0.0,0,8,0,M
2022-11-15,56,38,47.0,M,0.00,0.0,0,18,0,M
2022-11-16,59,42,50.5,M,0.00,0.0,0,14,0,M
2022-11-17,58,45,51.5,M,0.00,0.0,0,13,0,M
2022-11-18,55,49,52.0,M,T,0.0,0,13,0,M
2022-11-19,50,40,45.0,M,0.51,0.0,0,20,0,M
2022-11-20,48,41,44.5,M,0.01,0.0,0,20,0,M
2022-11-21,47,41,44.0,M,0.32,0.0,0,21,0,M
2022-11-22,54,47,50.5,M,0.13,0.0,0,14,0,M
2022-11-23,61,50,55.5,M,0.03,0.0,0,9,0,M
2022-11-24,75,60,67.5,M,T,0.0,0,0,3,M
2022-11-25,62,52,57.0,M,0.28,0.0,0,8,0,M
2022-11-26,62,48,55.0,M,0.24,0.0,0,10,0,M
2022-11-27,77,40,58.5,M,0.00,0.0,0,6,0,M
2022-11-28,76,43,59.5,M,T,0.0,0,5,0,M
2022-11-29,81,58,69.5,M,0.01,0.0,0,0,5,M
2022-11-30,62,43,52.5,M,0.00,0.0,0,12,0,M
2022-12-01,51,41,46.0,M,0.04,0.0,0,19,0,M
2022-12-02,65,50,57.5,M,0.06,0.0,0,7,0,M
2022-12-03,66,57,61.5,M,T,0.0,0,3,0,M
2022-12-04,57,52,54.5,M,0.06,0.0,0,10,0,M
2022-12-05,74,56,65.0,M,0.00,0.0,0,0,0,M
2022-12-06,80,61,70.5,M,T,0.0,0,0,6,M
2022-12-07,80,68,74.0,M,T,0.0,0,0,9,M
2022-12-08,81,70,75.5,M,0.00,0.0,0,0,11,M
2022-12-09,79,66,72.5,M,T,0.0,0,0,8,M
2022-12-10,79,69,74.0,M,T,0.0,0,0,9,M
2022-12-11,75,60,67.5,M,T,0.0,0,0,3,M
2022-12-12,75,59,67.0,M,0.01,0.0,0,0,2,M
2022-12-13,79,63,71.0,M,T,0.0,0,0,6,M
2022-12-14,70,45,57.5,M,0.00,0.0,0,7,0,M
2022-12-15,65,36,50.5,M,0.00,0.0,0,14,0,M
2022-12-16,69,42,55.5,M,0.00,0.0,0,9,0,M
2022-12-17,60,39,49.5,M,0.00,0.0,0,15,0,M
2022-12-18,53,34,43.5,M,0.00,0.0,0,21,0,M
2022-12-19,50,44,47.0,M,0.30,0.0,0,18,0,M
2022-12-20,53,44,48.5,M,T,M,0,16,0,M
2022-12-21,50,36,43.0,M,0.00,0.0,0,22,0,M
2022-12-22,65,19,42.0,M,0.00,0.0,0,23,0,M
2022-12-23,33,16,24.5,M,0.00,0.0,0,40,0,M
2022-12-24,40,19,29.5,M,0.00,0.0,0,35,0,M
2022-12-25,50,22,36.0,M,0.00,0.0,0,29,0,M
2022-12-26,66,26,46.0,M,0.00,0.0,0,19,0,M
2022-12-27,60,32,46.0,M,0.00,0.0,0,19,0,M
2022-12-28,75,37,56.0,M,0.00,0.0,0,9,0,M
2022-12-29,74,54,64.0,M,0.00,0.0,0,1,0,M
2022-12-30,72,49,60.5,M,0.00,0.0,0,4,0,M
2022-12-31,77,43,60.0,M,0.00,0.0,0,5,0,M
2023-01-01,78,47,62.5,M,0.00,0.0,0,2,0,M
2023-01-02,82,64,73.0,M,0.01,0.0,0,0,8,M
2023-01-03,79,53,66.0,M,0.00,0.0,M,0,1,M
2023-01-04,77,48,62.5,M,0.00,0.0,M,2,0,M
2023-01-05,75,43,59.0,M,0.00,0.0,0,6,0,M
2023-01-06,80,46,63.0,M,0.00,0.0,0,2,0,M
2023-01-07,74,62,68.0,M,T,0.0,0,0,3,M
2023-01-08,71,51,61.0,M,0.00,0.0,0,4,0,M
2023-01-09,73,46,59.5,M,0.00,0.0,0,5,0,M
2023-01-10,79,55,67.0,M,0.00,0.0,0,0,2,M
2023-01-11,79,52,65.5,M,0.00,0.0,0,0,1,M
2023-01-12,65,44,54.5,M,0.00,0.0,0,10,0,M
2023-01-13,66,36,51.0,M,0.00,0.0,0,14,0,M
2023-01-14,66,32,49.0,M,0.00,0.0,0,16,0,M
2023-01-15,75,48,61.5,M,0.00,0.0,0,3,0,M
2023-01-16,76,55,65.5,M,0.00,0.0,0,0,1,M
2023-01-17,79,50,64.5,M,0.00,0.0,0,0,0,M
2023-01-18,79,55,67.0,M,T,0.0,0,0,2,M
2023-01-19,71,47,59.0,M,0.00,0.0,0,6,0,M
2023-01-20,61,54,57.5,M,T,0.0,0,7,0,M
2023-01-21,66,46,56.0,M,T,0.0,0,9,0,M
2023-01-22,66,42,54.0,M,0.00,0.0,0,11,0,M
2023-01-23,59,37,48.0,M,0.00,0.0,0,17,0,M
2023-01-24,61,45,53.0,M,0.49,0.0,0,12,0,M
2023-01-25,60,35,47.5,M,0.00,0.0,0,17,0,M
2023-01-26,58,34,46.0,M,0.00,0.0,0,19,0,M
2023-01-27,56,35,45.5,M,0.03,0.0,0,19,0,M
2023-01-28,59,48,53.5,M,0.11,0.0,0,11,0,M
2023-01-29,77,46,61.5,M,T,0.0,0,3,0,M
2023-01-30,46,33,39.5,M,0.02,0.0,0,25,0,M
2023-01-31,35,31,33.0,M,0.03,0.0,0,32,0,M
2023-02-01,35,31,33.0,M,0.61,0.0,0,32,0,M
2023-02-02,45,34,39.5,M,0.03,0.0,0,25,0,M
2023-02-03,58,33,45.5,M,0.00,0.0,0,19,0,M
2023-02-04,62,37,49.5,M,0.00,0.0,0,15,0,M
2023-02-05,73,40,56.5,M,0.00,0.0,0,8,0,M
2023-02-06,76,57,66.5,M,T,0.0,0,0,2,M
2023-02-07,72,53,62.5,M,0.26,0.0,0,2,0,M
2023-02-08,66,43,54.5,M,0.27,0.0,0,10,0,M
2023-02-09,71,37,54.0,M,0.00,0.0,0,11,0,M
2023-02-10,57,37,47.0,M,0.00,0.0,0,18,0,M
2023-02-11,62,32,47.0,M,0.00,0.0,0,18,0,M
2023-02-12,63,33,48.0,M,0.00,0.0,0,17,0,M
2023-02-13,72,42,57.0,M,T,0.0,0,8,0,M
2023-02-14,80,50,65.0,M,T,0.0,0,0,0,M
2023-02-15,81,47,64.0,M,0.00,0.0,0,1,0,M
2023-02-16,71,42,56.5,M,T,0.0,0,8,0,M
2023-02-17,56,35,45.5,M,0.00,0.0,0,19,0,M
2023-02-18,56,35,45.5,M,0.00,0.0,0,19,0,M
2023-02-19,74,43,58.5,M,0.00,0.0,0,6,0,M
2023-02-20,79,55,67.0,M,T,0.0,0,0,2,M
2023-02-21,85,57,71.0,M,0.00,0.0,0,0,6,M
2023-02-22,89,68,78.5,M,T,0.0,0,0,14,M
2023-02-23,80,62,71.0,M,T,0.0,0,0,6,M
2023-02-24,63,54,58.5,M,T,0.0,0,6,0,M
2023-02-25,70,50,60.0,M,0.00,0.0,0,5,0,M
2023-02-26,81,64,72.5,M,T,0.0,0,0,8,M
2023-02-27,87,58,72.5,M,0.00,0.0,0,0,8,M
2023-02-28,84,53,68.5,M,0.00,0.0,0,0,4,M
2023-03-01,88,71,79.5,M,T,0.0,0,0,15,M
2023-03-02,84,56,70.0,M,0.16,0.0,0,0,5,M
2023-03-03,78,49,63.5,M,0.00,0.0,0,1,0,M
2023-03-04,81,44,62.5,M,0.00,0.0,0,2,0,M
2023-03-05,80,49,64.5,M,0.00,0.0,0,0,0,M
2023-03-06,82,63,72.5,M,T,0.0,0,0,8,M
2023-03-07,81,63,72.0,M,T,0.0,0,0,7,M
2023-03-08,85,66,75.5,M,0.00,0.0,0,0,11,M
2023-03-09,85,68,76.5,M,0.00,0.0,0,0,12,M
2023-03-10,78,59,68.5,M,T,0.0,0,0,4,M
2023-03-11,92,63,77.5,M,0.00,0.0,0,0,13,M
2023-03-12,85,61,73.0,M,0.00,0.0,0,0,8,M
2023-03-13,70,54,62.0,M,0.00,0.0,0,3,0,M
2023-03-14,70,49,59.5,M,0.00,0.0,0,5,0,M
2023-03-15,72,55,63.5,M,0.00,0.0,0,1,0,M
2023-03-16,84,54,69.0,M,0.26,0.0,0,0,4,M
2023-03-17,60,43,51.5,M,0.16,0.0,0,13,0,M
2023-03-18,50,40,45.0,M,0.31,0.0,0,20,0,M
2023-03-19,59,43,51.0,M,0.00,0.0,0,14,0,M
2023-03-20,56,43,49.5,M,0.02,0.0,0,15,0,M
2023-03-21,72,53,62.5,M,0.21,0.0,0,2,0,M
2023-03-22,80,68,74.0,M,T,0.0,0,0,9,M
2023-03-23,83,70,76.5,M,0.00,0.0,0,0,12,M
2023-03-24,89,56,72.5,M,0.07,0.0,0,0,8,M
2023-03-25,83,50,66.5,M,0.00,0.0,0,0,2,M
2023-03-26,85,52,68.5,M,0.00,0.0,0,0,4,M
2023-03-27,81,64,72.5,M,0.00,0.0,0,0,8,M
2023-03-28,73,54,63.5,M,0.01,0.0,0,1,0,M
2023-03-29,65,53,59.0,M,T,0.0,0,6,0,M
2023-03-30,79,60,69.5,M,0.11,0.0,0,0,5,M
2023-03-31,87,66,76.5,M,0.00,0.0,0,0,12,M
2023-04-01,87,54,70.5,M,0.00,0.0,0,0,6,M

